[{"model": "admin.logentry", "pk": 1, "fields": {"action_time": "2024-06-11T06:17:09.880Z", "user": 1, "content_type": 8, "object_id": "1", "object_repr": "testprod1", "action_flag": 3, "change_message": ""}}, {"model": "admin.logentry", "pk": 2, "fields": {"action_time": "2024-06-11T09:39:11.396Z", "user": 1, "content_type": 8, "object_id": "2", "object_repr": "prod1", "action_flag": 2, "change_message": "[{\"changed\": {\"fields\": [\"Image\", \"Quantity\"]}}]"}}, {"model": "admin.logentry", "pk": 3, "fields": {"action_time": "2024-06-11T09:39:20.305Z", "user": 1, "content_type": 8, "object_id": "3", "object_repr": "prod 2", "action_flag": 2, "change_message": "[{\"changed\": {\"fields\": [\"Quantity\"]}}]"}}, {"model": "auth.permission", "pk": 1, "fields": {"name": "Can add log entry", "content_type": 1, "codename": "add_logentry"}}, {"model": "auth.permission", "pk": 2, "fields": {"name": "Can change log entry", "content_type": 1, "codename": "change_logentry"}}, {"model": "auth.permission", "pk": 3, "fields": {"name": "Can delete log entry", "content_type": 1, "codename": "delete_logentry"}}, {"model": "auth.permission", "pk": 4, "fields": {"name": "Can view log entry", "content_type": 1, "codename": "view_logentry"}}, {"model": "auth.permission", "pk": 5, "fields": {"name": "Can add permission", "content_type": 2, "codename": "add_permission"}}, {"model": "auth.permission", "pk": 6, "fields": {"name": "Can change permission", "content_type": 2, "codename": "change_permission"}}, {"model": "auth.permission", "pk": 7, "fields": {"name": "Can delete permission", "content_type": 2, "codename": "delete_permission"}}, {"model": "auth.permission", "pk": 8, "fields": {"name": "Can view permission", "content_type": 2, "codename": "view_permission"}}, {"model": "auth.permission", "pk": 9, "fields": {"name": "Can add group", "content_type": 3, "codename": "add_group"}}, {"model": "auth.permission", "pk": 10, "fields": {"name": "Can change group", "content_type": 3, "codename": "change_group"}}, {"model": "auth.permission", "pk": 11, "fields": {"name": "Can delete group", "content_type": 3, "codename": "delete_group"}}, {"model": "auth.permission", "pk": 12, "fields": {"name": "Can view group", "content_type": 3, "codename": "view_group"}}, {"model": "auth.permission", "pk": 13, "fields": {"name": "Can add content type", "content_type": 4, "codename": "add_contenttype"}}, {"model": "auth.permission", "pk": 14, "fields": {"name": "Can change content type", "content_type": 4, "codename": "change_contenttype"}}, {"model": "auth.permission", "pk": 15, "fields": {"name": "Can delete content type", "content_type": 4, "codename": "delete_contenttype"}}, {"model": "auth.permission", "pk": 16, "fields": {"name": "Can view content type", "content_type": 4, "codename": "view_contenttype"}}, {"model": "auth.permission", "pk": 17, "fields": {"name": "Can add session", "content_type": 5, "codename": "add_session"}}, {"model": "auth.permission", "pk": 18, "fields": {"name": "Can change session", "content_type": 5, "codename": "change_session"}}, {"model": "auth.permission", "pk": 19, "fields": {"name": "Can delete session", "content_type": 5, "codename": "delete_session"}}, {"model": "auth.permission", "pk": 20, "fields": {"name": "Can view session", "content_type": 5, "codename": "view_session"}}, {"model": "auth.permission", "pk": 21, "fields": {"name": "Can add order", "content_type": 6, "codename": "add_order"}}, {"model": "auth.permission", "pk": 22, "fields": {"name": "Can change order", "content_type": 6, "codename": "change_order"}}, {"model": "auth.permission", "pk": 23, "fields": {"name": "Can delete order", "content_type": 6, "codename": "delete_order"}}, {"model": "auth.permission", "pk": 24, "fields": {"name": "Can view order", "content_type": 6, "codename": "view_order"}}, {"model": "auth.permission", "pk": 25, "fields": {"name": "Can add order item", "content_type": 7, "codename": "add_orderitem"}}, {"model": "auth.permission", "pk": 26, "fields": {"name": "Can change order item", "content_type": 7, "codename": "change_orderitem"}}, {"model": "auth.permission", "pk": 27, "fields": {"name": "Can delete order item", "content_type": 7, "codename": "delete_orderitem"}}, {"model": "auth.permission", "pk": 28, "fields": {"name": "Can view order item", "content_type": 7, "codename": "view_orderitem"}}, {"model": "auth.permission", "pk": 29, "fields": {"name": "Can add product", "content_type": 8, "codename": "add_product"}}, {"model": "auth.permission", "pk": 30, "fields": {"name": "Can change product", "content_type": 8, "codename": "change_product"}}, {"model": "auth.permission", "pk": 31, "fields": {"name": "Can delete product", "content_type": 8, "codename": "delete_product"}}, {"model": "auth.permission", "pk": 32, "fields": {"name": "Can view product", "content_type": 8, "codename": "view_product"}}, {"model": "auth.permission", "pk": 33, "fields": {"name": "Can add custom user", "content_type": 9, "codename": "add_customuser"}}, {"model": "auth.permission", "pk": 34, "fields": {"name": "Can change custom user", "content_type": 9, "codename": "change_customuser"}}, {"model": "auth.permission", "pk": 35, "fields": {"name": "Can delete custom user", "content_type": 9, "codename": "delete_customuser"}}, {"model": "auth.permission", "pk": 36, "fields": {"name": "Can view custom user", "content_type": 9, "codename": "view_customuser"}}, {"model": "auth.permission", "pk": 37, "fields": {"name": "Can add customer", "content_type": 10, "codename": "add_customer"}}, {"model": "auth.permission", "pk": 38, "fields": {"name": "Can change customer", "content_type": 10, "codename": "change_customer"}}, {"model": "auth.permission", "pk": 39, "fields": {"name": "Can delete customer", "content_type": 10, "codename": "delete_customer"}}, {"model": "auth.permission", "pk": 40, "fields": {"name": "Can view customer", "content_type": 10, "codename": "view_customer"}}, {"model": "auth.permission", "pk": 41, "fields": {"name": "Can add vendor", "content_type": 11, "codename": "add_vendor"}}, {"model": "auth.permission", "pk": 42, "fields": {"name": "Can change vendor", "content_type": 11, "codename": "change_vendor"}}, {"model": "auth.permission", "pk": 43, "fields": {"name": "Can delete vendor", "content_type": 11, "codename": "delete_vendor"}}, {"model": "auth.permission", "pk": 44, "fields": {"name": "Can view vendor", "content_type": 11, "codename": "view_vendor"}}, {"model": "auth.permission", "pk": 45, "fields": {"name": "Can add cart", "content_type": 12, "codename": "add_cart"}}, {"model": "auth.permission", "pk": 46, "fields": {"name": "Can change cart", "content_type": 12, "codename": "change_cart"}}, {"model": "auth.permission", "pk": 47, "fields": {"name": "Can delete cart", "content_type": 12, "codename": "delete_cart"}}, {"model": "auth.permission", "pk": 48, "fields": {"name": "Can view cart", "content_type": 12, "codename": "view_cart"}}, {"model": "auth.permission", "pk": 49, "fields": {"name": "Can add order items", "content_type": 13, "codename": "add_orderitems"}}, {"model": "auth.permission", "pk": 50, "fields": {"name": "Can change order items", "content_type": 13, "codename": "change_orderitems"}}, {"model": "auth.permission", "pk": 51, "fields": {"name": "Can delete order items", "content_type": 13, "codename": "delete_orderitems"}}, {"model": "auth.permission", "pk": 52, "fields": {"name": "Can view order items", "content_type": 13, "codename": "view_orderitems"}}, {"model": "contenttypes.contenttype", "pk": 1, "fields": {"app_label": "admin", "model": "logentry"}}, {"model": "contenttypes.contenttype", "pk": 2, "fields": {"app_label": "auth", "model": "permission"}}, {"model": "contenttypes.contenttype", "pk": 3, "fields": {"app_label": "auth", "model": "group"}}, {"model": "contenttypes.contenttype", "pk": 4, "fields": {"app_label": "contenttypes", "model": "contenttype"}}, {"model": "contenttypes.contenttype", "pk": 5, "fields": {"app_label": "sessions", "model": "session"}}, {"model": "contenttypes.contenttype", "pk": 6, "fields": {"app_label": "store", "model": "order"}}, {"model": "contenttypes.contenttype", "pk": 7, "fields": {"app_label": "store", "model": "orderitem"}}, {"model": "contenttypes.contenttype", "pk": 8, "fields": {"app_label": "store", "model": "product"}}, {"model": "contenttypes.contenttype", "pk": 9, "fields": {"app_label": "users", "model": "customuser"}}, {"model": "contenttypes.contenttype", "pk": 10, "fields": {"app_label": "users", "model": "customer"}}, {"model": "contenttypes.contenttype", "pk": 11, "fields": {"app_label": "users", "model": "vendor"}}, {"model": "contenttypes.contenttype", "pk": 12, "fields": {"app_label": "store", "model": "cart"}}, {"model": "contenttypes.contenttype", "pk": 13, "fields": {"app_label": "store", "model": "orderitems"}}, {"model": "sessions.session", "pk": "gclgvc9cpmfk222t46jy95eqqwkewmie", "fields": {"session_data": ".eJxVjDsOwjAQBe_iGlkm_lPScwZr197FAeRIcVIh7k4ipYD2zcx7iwTrUtPaaU5jERcRxel3Q8hPajsoD2j3SeapLfOIclfkQbu8TYVe18P9O6jQ61YH55ThyOSUDegLsfVMBWIENAyegJzWVg9ZeYdZEQ7RoM7BbupZs_h8AQQLON8:1sHHoS:Ia4Yn3V-HFwF-jtqUGuEptdqhFK0mu5tqEKJgP7nZNM", "expire_date": "2024-06-26T06:50:28.453Z"}}, {"model": "store.product", "pk": 2, "fields": {"title": "prod1", "image": "prod_pics/Screenshot_2024-01-10_at_12.07.02.png", "description": "desc1", "price": 1, "seller": 8, "quantity": 19, "orders": 3}}, {"model": "store.product", "pk": 3, "fields": {"title": "prod 2", "image": "Image.jpg", "description": "prod 2", "price": 2, "seller": 8, "quantity": 21, "orders": 13}}, {"model": "store.cart", "pk": 1, "fields": {"customer": 1, "is_paid": false}}, {"model": "store.cart", "pk": 2, "fields": {"customer": 8, "is_paid": false}}, {"model": "store.cart", "pk": 3, "fields": {"customer": 9, "is_paid": true}}, {"model": "store.cart", "pk": 4, "fields": {"customer": 9, "is_paid": true}}, {"model": "store.cart", "pk": 5, "fields": {"customer": 9, "is_paid": true}}, {"model": "store.cart", "pk": 6, "fields": {"customer": 9, "is_paid": true}}, {"model": "store.cart", "pk": 7, "fields": {"customer": 9, "is_paid": true}}, {"model": "store.cart", "pk": 8, "fields": {"customer": 9, "is_paid": true}}, {"model": "store.cart", "pk": 9, "fields": {"customer": 9, "is_paid": true}}, {"model": "store.cart", "pk": 10, "fields": {"customer": 9, "is_paid": true}}, {"model": "store.cart", "pk": 11, "fields": {"customer": 9, "is_paid": true}}, {"model": "store.cart", "pk": 12, "fields": {"customer": 9, "is_paid": true}}, {"model": "store.cart", "pk": 13, "fields": {"customer": 9, "is_paid": true}}, {"model": "store.orderitems", "pk": 1, "fields": {"cart": 1, "quantity": 4, "product": 3}}, {"model": "store.orderitems", "pk": 2, "fields": {"cart": 2, "quantity": 1, "product": 3}}, {"model": "store.orderitems", "pk": 3, "fields": {"cart": 2, "quantity": 2, "product": 2}}, {"model": "store.orderitems", "pk": 4, "fields": {"cart": 3, "quantity": 3, "product": 3}}, {"model": "store.orderitems", "pk": 5, "fields": {"cart": 3, "quantity": 2, "product": 2}}, {"model": "store.orderitems", "pk": 6, "fields": {"cart": 4, "quantity": 1, "product": 3}}, {"model": "store.orderitems", "pk": 7, "fields": {"cart": 5, "quantity": 1, "product": 2}}, {"model": "store.orderitems", "pk": 8, "fields": {"cart": 6, "quantity": 2, "product": 3}}, {"model": "store.orderitems", "pk": 9, "fields": {"cart": 7, "quantity": 2, "product": 3}}, {"model": "store.orderitems", "pk": 10, "fields": {"cart": 8, "quantity": 1, "product": 3}}, {"model": "store.orderitems", "pk": 11, "fields": {"cart": 11, "quantity": 1, "product": 3}}, {"model": "store.orderitems", "pk": 12, "fields": {"cart": 12, "quantity": 2, "product": 3}}, {"model": "store.orderitems", "pk": 13, "fields": {"cart": 13, "quantity": 1, "product": 3}}, {"model": "users.customuser", "pk": 1, "fields": {"password": "pbkdf2_sha256$720000$jlkh7DxDRcIkoZQS0L56fd$uoI0qwTU2t7h2yvMY6bF5tozlkfA3zZHxrcYpEjkGoQ=", "last_login": "2024-06-11T09:38:55.263Z", "username": "moksh", "email": "admin@test.com", "is_staff": true, "is_active": true, "is_superuser": true, "is_vendor": false, "groups": [], "user_permissions": []}}, {"model": "users.customuser", "pk": 2, "fields": {"password": "pbkdf2_sha256$720000$dWo6Zpt6zhuoxcqTYjARF4$L4K7UDewp5HHxfV+qieJIG/nAHHLY9eIf3O43XJSw5E=", "last_login": null, "username": "test1", "email": "test1@test.com", "is_staff": false, "is_active": true, "is_superuser": false, "is_vendor": false, "groups": [], "user_permissions": []}}, {"model": "users.customuser", "pk": 3, "fields": {"password": "pbkdf2_sha256$720000$tYVTYLrMkGeJIyn6GqrEeg$FEIEPg42e8NImch7FnJ30SRsgDQtTFpoQE3J53sGgd4=", "last_login": null, "username": "test2", "email": "test2@test.com", "is_staff": false, "is_active": true, "is_superuser": false, "is_vendor": false, "groups": [], "user_permissions": []}}, {"model": "users.customuser", "pk": 4, "fields": {"password": "pbkdf2_sha256$720000$A428Abvj4S8mURlGXtCrRy$4qV9t+QUaB1N1loWkjb6eC8DQMC0n+Go26VneIk8SbI=", "last_login": null, "username": "testv1", "email": "vendor1@test.com", "is_staff": false, "is_active": true, "is_superuser": false, "is_vendor": false, "groups": [], "user_permissions": []}}, {"model": "users.customuser", "pk": 5, "fields": {"password": "pbkdf2_sha256$720000$yOMi7JCwb26CjzlwORGL7S$Eh41g/pKZ8unAu17qNslIHaDtFCsUXdux4A8Z5hPPGk=", "last_login": null, "username": "testv2", "email": "vendor2@test.com", "is_staff": false, "is_active": true, "is_superuser": false, "is_vendor": true, "groups": [], "user_permissions": []}}, {"model": "users.customuser", "pk": 6, "fields": {"password": "pbkdf2_sha256$720000$e5v0Aq6xPLMQQS29LSFsR3$4ZrqW+OYGneg7YshLXUxZjXQwLa0rPkqZfnek0iswO0=", "last_login": null, "username": "customer1", "email": "cus1@test.com", "is_staff": false, "is_active": true, "is_superuser": false, "is_vendor": false, "groups": [], "user_permissions": []}}, {"model": "users.customuser", "pk": 7, "fields": {"password": "pbkdf2_sha256$720000$UEUSZYdzDn7t8kWs60wx85$SitHUn5gXTUba4T62sLoMtndN0Uk2H8Kn8xcS+TtzN0=", "last_login": null, "username": "ven2", "email": "ven2@test.com", "is_staff": false, "is_active": true, "is_superuser": false, "is_vendor": true, "groups": [], "user_permissions": []}}, {"model": "users.customuser", "pk": 8, "fields": {"password": "pbkdf2_sha256$720000$NBkhYSqt2wBcIgS5utD93S$plHX9HrU4y2HjJJRPC4I8ob15EJ66yP0MOMjbkSnL5s=", "last_login": "2024-06-12T06:39:27.968Z", "username": "testvendor", "email": "vendor@mail.com", "is_staff": false, "is_active": true, "is_superuser": false, "is_vendor": true, "groups": [], "user_permissions": []}}, {"model": "users.customuser", "pk": 9, "fields": {"password": "pbkdf2_sha256$720000$GYLjgelltlPlMLCx3jsKUk$0gvJ/0aQiH5TGxsnPf5TephCNvYKVPr3ZluOoQYZuao=", "last_login": "2024-06-12T06:50:28.451Z", "username": "testcustomer", "email": "customer@mail.com", "is_staff": false, "is_active": true, "is_superuser": false, "is_vendor": false, "groups": [], "user_permissions": []}}, {"model": "users.vendor", "pk": 1, "fields": {"user": 7, "name": null, "is_vendor": true}}, {"model": "users.vendor", "pk": 2, "fields": {"user": 8, "name": null, "is_vendor": true}}, {"model": "users.customer", "pk": 1, "fields": {"user": 1, "name": "hi", "wallet_balance": 0, "is_vendor": false, "add_money": 0}}, {"model": "users.customer", "pk": 2, "fields": {"user": 2, "name": null, "wallet_balance": 0, "is_vendor": false, "add_money": 0}}, {"model": "users.customer", "pk": 3, "fields": {"user": 3, "name": null, "wallet_balance": 0, "is_vendor": false, "add_money": 0}}, {"model": "users.customer", "pk": 4, "fields": {"user": 4, "name": null, "wallet_balance": 0, "is_vendor": false, "add_money": 0}}, {"model": "users.customer", "pk": 5, "fields": {"user": 5, "name": null, "wallet_balance": 0, "is_vendor": false, "add_money": 0}}, {"model": "users.customer", "pk": 6, "fields": {"user": 6, "name": null, "wallet_balance": 0, "is_vendor": false, "add_money": 0}}, {"model": "users.customer", "pk": 7, "fields": {"user": 9, "name": null, "wallet_balance": 44, "is_vendor": false, "add_money": 2}}]